{"cameraMode":{"drawMode":0,"name":"Shaded","section":"Shading Mode"},"sceneLighting":true,"audioPlay":false,"sceneViewState":{"showFog":true,"showMaterialUpdate":false,"showSkybox":true,"showFlares":true,"showImageEffects":true,"showParticleSystems":true},"in2DMode":false,"pivot":{"x":1.2342472076416016,"y":6.788043022155762,"z":-8.538625717163086},"rotation":{"x":0.00105092185549438,"y":0.46469244360923769,"z":0.0005590216023847461,"w":-0.8854791522026062},"size":18.219594955444337,"orthographic":false}